priority_rank,tier,company,domain,website,linkedin_url,apollo_org_id,location_filter,employee_band_filter,founded_year,apollo_revenue_usd,headcount_growth_12m_pct,icp_fit_score_100,why_it_fits_synor,recommended_entry_use_case,target_buyer_roles,outreach_angle,sales_note,data_source,search_date
1,A,LILT AI,lilt.com,https://lilt.com,http://www.linkedin.com/company/lilthq,556e1f7c73696410f3190b01,"San Francisco, California, United States","51-1000 employees",2015,30300000,13.23,95,"Enterprise AI workflows depend on continuously refreshed multilingual documents and reliable content structure.","Multilingual document ingestion, normalization, lineage, and retrieval-quality monitoring.","VP Engineering; VP AI; Head of Data Platform; Director of AI Infrastructure","Show how Synor can declaratively reconcile changing multilingual source documents into clean, governed AI-ready context with automatic stale-output cleanup.","Strong design-partner candidate.",Apollo organization search,2026-07-29
2,A,Yalo,yalo.ai,https://yalo.ai,http://www.linkedin.com/company/yalo,56d3f7fff3e5bb0236002510,"San Francisco, California, United States","51-1000 employees",2015,9300000,-4.73,94,"Conversational commerce creates high-volume, semi-structured customer, catalog, and support context across systems.","Unify product, policy, conversation, and support knowledge for customer-facing agents.","CTO; VP Engineering; Head of AI; Head of Data","Pitch a trustworthy context pipeline that keeps agent-facing business data fresh across commerce and support systems.","Lead with reliability and freshness, not generic ETL.",Apollo organization search,2026-07-29
3,A,Coalition Inc.,coalitioninc.com,https://coalitioninc.com,http://www.linkedin.com/company/coalitioninc,5b86cec8f874f770d6ebbb95,"San Francisco, California, United States","51-1000 employees",2017,300000000,-4.17,93,"Cyber insurance combines documents, security signals, claims context, and strict auditability—an excellent fit for governed multimodal pipelines.","Claims and underwriting document processing with source lineage, validation, and reproducible outputs.","VP Data; VP Engineering; Head of AI; Head of Claims Technology","Offer a pilot that converts changing policy, claims, and security evidence into traceable AI-ready records while preventing stale context.","Regulated buyer; expect security and governance review.",Apollo organization search,2026-07-29
4,A,Nozomi Networks,nozominetworks.com,https://nozominetworks.com,http://www.linkedin.com/company/nozomi-networks-sa,556ddf48736964122a73bb01,"San Francisco, California, United States","51-1000 employees",2013,100000000,7.20,92,"Security products must reconcile logs, asset metadata, threat intelligence, manuals, and support knowledge without losing provenance.","Incremental security-knowledge pipelines joining unstructured documents with structured asset and event data.","VP Engineering; VP Data; Head of AI; Director of Platform Engineering","Demonstrate a governed context layer that refreshes only changed evidence and preserves source-to-output traceability.","Apollo lists Mitsubishi Electric as parent; procurement may be more complex.",Apollo organization search,2026-07-29
5,A,Fictiv,fictiv.com,https://fictiv.com,http://www.linkedin.com/company/fictiv,556d4611736964120f07d300,"San Francisco, California, United States","51-1000 employees",2013,72500000,20.64,91,"Digital manufacturing produces drawings, specifications, inspection files, supplier records, and operational data that need consistent structure.","Multimodal engineering-document ingestion and reconciliation for quoting, quality, and supplier workflows.","CTO; VP Engineering; VP Operations Technology; Head of Data","Propose a narrow pilot around continuously processing revised drawings and specifications into validated downstream records with automatic cleanup.","Apollo lists MISUMI as parent; target an innovation or platform team.",Apollo organization search,2026-07-29
6,A,Gamma,gamma.app,https://gamma.app,http://www.linkedin.com/company/gamma-app,61034e1998216300dc9d9c99,"San Francisco, California, United States","51-1000 employees",2020,100000000,33.12,90,"An AI-native content product handles documents, images, presentations, and changing user context at scale.","Incremental multimodal content processing, enrichment, indexing, and derived-asset synchronization.","CTO; VP Engineering; Head of AI Platform; Head of Data","Position Synor as the reliable processing layer underneath fast-changing multimodal content, with ownership-aware updates and deletion handling.","Fast-growing AI-native prospect; emphasize developer experience and time-to-production.",Apollo organization search,2026-07-29
7,A,Docker Inc.,docker.com,https://docker.com,http://www.linkedin.com/company/docker,54a11fbf69702d77c2531f02,"San Francisco, California, United States","51-1000 employees",2013,207000000,22.71,89,"A large developer ecosystem generates technical documentation, support content, product metadata, and rapidly changing knowledge.","Developer-support and documentation context pipelines with incremental refresh and stale-document removal.","VP Engineering; Head of Data Platform; Head of Developer Experience; Director of Support Engineering","Lead with a developer-support knowledge pilot that keeps product documentation and troubleshooting context synchronized across releases.","Larger account; start with one product or support corpus.",Apollo organization search,2026-07-29
8,A,Vercel,vercel.com,https://vercel.com,http://www.linkedin.com/company/vercel,5a9db5a7a6da98d93be1b00f,"San Francisco, California, United States","51-1000 employees",2015,340000000,24.73,88,"A fast-moving developer platform has release-sensitive documentation, support knowledge, telemetry, and AI product context.","Release-aware documentation and support ingestion for AI assistants and internal engineering search.","VP Engineering; Head of AI; Head of Data Platform; VP Developer Experience","Show how component-owned pipelines can update only affected knowledge when products or docs change and remove obsolete outputs automatically.","Technically sophisticated account; prove a differentiated reliability advantage.",Apollo organization search,2026-07-29
9,A,People.ai,backstory.ai,https://backstory.ai,http://www.linkedin.com/company/people.ai,57c4efbfa6da986a47e650fb,"San Francisco, California, United States","51-1000 employees",2016,62800000,-16.34,87,"Sales intelligence depends on reconciling calls, emails, CRM records, activity streams, and business definitions.","Governed multimodal sales-context pipelines connecting communications with CRM entities and metrics.","CTO; VP Engineering; Head of Data; Head of AI","Pitch deterministic reconciliation of changing sales activity into fresh agent context, with explicit ownership and auditable updates.","Apollo returned backstory.ai as the primary domain; verify branding before outreach.",Apollo organization search,2026-07-29
10,B,WalkMe,walkme.com,https://walkme.com,http://www.linkedin.com/company/walkme,54a1292a69702d8eeb2ec501,"San Francisco, California, United States","51-1000 employees",2011,270000000,4.66,85,"Digital adoption workflows depend on current product instructions, UI changes, support content, and enterprise process definitions.","Continuously refresh product-guidance and support context as applications and documentation change.","VP Engineering; Head of AI; VP Data; Director of Platform Engineering","Offer a workflow that detects changed source material, rebuilds only affected guidance context, and deletes stale derived artifacts.","Apollo lists SAP as parent; enterprise procurement likely.",Apollo organization search,2026-07-29
11,B,Discord,discord.com,https://discord.com,http://www.linkedin.com/company/discord,5ed7cddef699060001bca07d,"San Francisco, California, United States","51-1000 employees",2015,725000000,7.00,84,"High-volume conversations, support material, trust-and-safety signals, and community knowledge create a difficult multimodal context problem.","Support and trust-and-safety knowledge pipelines with incremental processing and source lineage.","VP Engineering; VP Data; Head of AI; Head of Support Platform","Start with a bounded support-knowledge corpus where freshness and deletion correctness can be measured against current processes.","Large and technically mature; sales cycle may be long.",Apollo organization search,2026-07-29
12,B,Twilio Segment,segment.com,https://segment.com,http://www.linkedin.com/company/segment-io,5d34975780f93e3621425989,"San Francisco, California, United States","51-1000 employees",2012,297700000,-17.39,83,"Customer-data infrastructure already sits between many systems and can benefit from reliable unstructured-context processing alongside structured events.","Add document and knowledge processing to customer-data workflows while preserving lineage and incremental updates.","VP Engineering; Head of Data Platform; Head of AI; Product Director","Frame Synor as a complementary declarative processing layer for unstructured context, not a replacement for event collection.","Apollo lists Twilio as parent; potential partner as well as customer.",Apollo organization search,2026-07-29
13,B,Weights & Biases,wandb.ai,https://wandb.ai,http://www.linkedin.com/company/wandb,5b847e69f874f734b3f5eee9,"San Francisco, California, United States","51-1000 employees",2017,13600000,-5.75,82,"AI teams need reproducible datasets, evaluation context, artifacts, and reliable relationships between source changes and derived outputs.","Incremental preparation of evaluation corpora and multimodal datasets with explicit ownership and cleanup.","VP Engineering; Head of Data; Head of AI Infrastructure; Product Lead","Show how Synor can make evaluation-dataset preparation reproducible and automatically reconcile source additions, changes, and removals.","Apollo lists CoreWeave as parent; also a potential ecosystem partner.",Apollo organization search,2026-07-29
14,B,LangChain,langchain.com,https://langchain.com,http://www.linkedin.com/company/langchain,644ae854275f2d00c3448bd8,"San Francisco, California, United States","51-1000 employees",,16000000,186.14,81,"Its users face exactly the context freshness, retrieval, and agent reliability problems Synor is designed to address.","Reference architecture for deterministic ingestion and synchronization beneath agent and retrieval applications.","VP Engineering; Head of Platform; Head of Partnerships; Product Lead","Approach as a technology and ecosystem partnership: Synor owns reliable data reconciliation while LangChain owns agent application orchestration.","More likely a partner or integration target than a straightforward buyer.",Apollo organization search,2026-07-29
15,B,Together AI,together.ai,https://together.ai,http://www.linkedin.com/company/togethercomputer,63883d85e176a800a350e053,"San Francisco, California, United States","51-1000 employees",2022,1200000000,54.05,80,"An AI infrastructure provider processes changing datasets, model artifacts, documentation, and customer context at scale.","Customer-facing RAG reference pipelines and reproducible multimodal dataset preparation.","VP Engineering; Head of Data Platform; Head of Solutions; Head of Partnerships","Lead with a joint solution or reference pipeline that turns customer data into governed, incrementally maintained model context.","Likely partner-led motion; sophisticated internal infrastructure.",Apollo organization search,2026-07-29
16,C,Perplexity,perplexity.ai,https://perplexity.ai,http://www.linkedin.com/company/perplexity-ai,6393a007bc218200e379a602,"San Francisco, California, United States","51-1000 employees",2022,450000000,11.87,75,"Search and answer products are highly sensitive to source freshness, retrieval quality, and stale derived data.","Specialized enterprise-ingestion or internal-knowledge pipeline with strict change and deletion handling.","VP Engineering; Head of Data; Head of Enterprise; Head of Partnerships","Offer a tightly scoped enterprise-data connector or ingestion reliability benchmark instead of a broad platform pitch.","High-profile, technically mature, and likely to build core infrastructure internally.",Apollo organization search,2026-07-29
17,C,Pearl,pearl.com,https://pearl.com,http://www.linkedin.com/company/pearl-com-ai,678cdb45d9fff6000124f162,"San Francisco, California, United States","51-1000 employees",2003,78500000,36.69,73,"An AI-oriented consumer or expert workflow can involve documents, conversations, media, and changing knowledge sources.","Normalize and govern mixed content before retrieval or agent use.","CTO; VP Engineering; Head of AI; Head of Data","Validate the exact product workflow first, then propose a small context-quality pilot around one high-value corpus.","ICP confidence is lower; discovery is required before investing heavily.",Apollo organization search,2026-07-29
18,C,Thinking Machines Lab,thinkingmachines.ai,https://thinkingmachines.ai,http://www.linkedin.com/company/thinkingmachinesai,67b4d4ea7a0658001532969f,"San Francisco, California, United States","51-1000 employees",,,,70,"An AI lab has demanding multimodal dataset and evaluation-pipeline needs, but is likely to maintain bespoke infrastructure.","Reproducible dataset preparation, evaluation-corpus synchronization, or an open-source integration.","Head of Data; Head of Research Infrastructure; VP Engineering; Partnerships Lead","Use a technical collaboration or open-source integration angle rather than conventional SaaS outreach.","Very low probability as a near-term buyer; treat as strategic relationship.",Apollo organization search,2026-07-29
